{"cameraMode":{"drawMode":0,"name":"Shaded","section":"Shading Mode"},"sceneLighting":false,"audioPlay":false,"sceneViewState":{"showFog":true,"showMaterialUpdate":false,"showSkybox":false,"showFlares":true,"showImageEffects":true,"showParticleSystems":true,"showVisualEffectGraphs":true,"m_FxEnabled":true},"in2DMode":false,"pivot":{"x":-0.32519030570983889,"y":3.3679869174957277,"z":-5.539999961853027},"rotation":{"x":0.24723578989505769,"y":-0.027649475261569024,"z":0.006895821541547775,"w":0.9686490893363953},"size":1.9385607242584229,"orthographic":false}