{"cameraMode":{"drawMode":0,"name":"Shaded","section":"Shading Mode"},"sceneLighting":false,"audioPlay":false,"sceneViewState":{"showFog":true,"showMaterialUpdate":false,"showSkybox":false,"showFlares":true,"showImageEffects":true,"showParticleSystems":true,"showVisualEffectGraphs":true,"m_FxEnabled":true},"in2DMode":false,"pivot":{"x":0.11855703592300415,"y":2.4108033180236818,"z":0.03644204139709473},"rotation":{"x":0.24723578989505769,"y":-0.027649475261569024,"z":0.006895821541547775,"w":0.9686490893363953},"size":2.3943095207214357,"orthographic":false}