{"cameraMode":{"drawMode":0,"name":"Shaded","section":"Shading Mode"},"sceneLighting":false,"audioPlay":false,"sceneViewState":{"showFog":true,"showMaterialUpdate":false,"showSkybox":false,"showFlares":true,"showImageEffects":true,"showParticleSystems":true,"showVisualEffectGraphs":true,"m_FxEnabled":true},"in2DMode":false,"pivot":{"x":-18.399999618530275,"y":1.299999475479126,"z":-1.800000548362732},"rotation":{"x":0.11465271562337876,"y":0.01041800994426012,"z":-0.0013820931781083346,"w":0.9934794902801514},"size":14.35295581817627,"orthographic":false}