{"cameraMode":{"drawMode":0,"name":"Shaded","section":"Shading Mode"},"sceneLighting":false,"audioPlay":false,"sceneViewState":{"showFog":true,"showMaterialUpdate":false,"showSkybox":false,"showFlares":true,"showImageEffects":true,"showParticleSystems":true,"showVisualEffectGraphs":true,"m_FxEnabled":true},"in2DMode":false,"pivot":{"x":6.697836875915527,"y":1.8634259700775147,"z":3.2497310638427736},"rotation":{"x":-0.006493378430604935,"y":-0.5745609998703003,"z":-0.004855009261518717,"w":0.8185745477676392},"size":2.4325783252716066,"orthographic":false}