{"cameraMode":{"drawMode":0,"name":"Shaded","section":"Shading Mode"},"sceneLighting":false,"audioPlay":false,"sceneViewState":{"showFog":true,"showMaterialUpdate":false,"showSkybox":false,"showFlares":true,"showImageEffects":true,"showParticleSystems":true,"showVisualEffectGraphs":true,"m_FxEnabled":true},"in2DMode":false,"pivot":{"x":8.67300033569336,"y":1.2200000286102296,"z":2.8615145683288576},"rotation":{"x":0.08942868560552597,"y":-0.24687257409095765,"z":0.022748272866010667,"w":0.9647654891014099},"size":0.8771283030509949,"orthographic":false}