{"cameraMode":{"drawMode":0,"name":"Shaded","section":"Shading Mode"},"sceneLighting":false,"audioPlay":false,"sceneViewState":{"showFog":true,"showMaterialUpdate":false,"showSkybox":false,"showFlares":true,"showImageEffects":true,"showParticleSystems":true,"showVisualEffectGraphs":true,"m_FxEnabled":true},"in2DMode":false,"pivot":{"x":6.970000267028809,"y":0.869999885559082,"z":2.5900001525878908},"rotation":{"x":0.05184256285429001,"y":0.03594624251127243,"z":-0.0019536344334483148,"w":0.9981067776679993},"size":5.716435432434082,"orthographic":false}