{"cameraMode":{"drawMode":0,"name":"Shaded","section":"Shading Mode"},"sceneLighting":false,"audioPlay":false,"sceneViewState":{"showFog":true,"showMaterialUpdate":false,"showSkybox":false,"showFlares":true,"showImageEffects":true,"showParticleSystems":true,"showVisualEffectGraphs":true,"m_FxEnabled":true},"in2DMode":false,"pivot":{"x":1.3600001335144044,"y":7.295000076293945,"z":0.2149999737739563},"rotation":{"x":-0.01710323430597782,"y":0.013508536852896214,"z":0.00008190822700271383,"w":0.9998869895935059},"size":7.544326305389404,"orthographic":false}