{"cameraMode":{"drawMode":0,"name":"Shaded","section":"Shading Mode"},"sceneLighting":false,"audioPlay":false,"sceneViewState":{"showFog":true,"showMaterialUpdate":false,"showSkybox":false,"showFlares":true,"showImageEffects":true,"showParticleSystems":true,"showVisualEffectGraphs":true,"m_FxEnabled":true},"in2DMode":false,"pivot":{"x":1.4018709659576417,"y":14.241138458251954,"z":-0.2021026611328125},"rotation":{"x":0.42131516337394717,"y":0.07523312419652939,"z":-0.03509572893381119,"w":0.9031171798706055},"size":19.651601791381837,"orthographic":true}