{"cameraMode":{"drawMode":0,"name":"Shaded","section":"Shading Mode"},"sceneLighting":false,"audioPlay":false,"sceneViewState":{"showFog":true,"showMaterialUpdate":false,"showSkybox":false,"showFlares":true,"showImageEffects":true,"showParticleSystems":true,"showVisualEffectGraphs":true,"m_FxEnabled":true},"in2DMode":false,"pivot":{"x":-0.3800000548362732,"y":3.369999885559082,"z":-5.539999961853027},"rotation":{"x":0.33339837193489077,"y":-0.009920336306095124,"z":0.0034349614288657905,"w":0.9428131580352783},"size":3.4641025066375734,"orthographic":false}