{"cameraMode":{"drawMode":0,"name":"Shaded","section":"Shading Mode"},"sceneLighting":false,"audioPlay":false,"sceneViewState":{"showFog":true,"showMaterialUpdate":false,"showSkybox":false,"showFlares":true,"showImageEffects":true,"showParticleSystems":true,"showVisualEffectGraphs":true,"m_FxEnabled":true},"in2DMode":false,"pivot":{"x":-0.32899999618530276,"y":7.407000541687012,"z":0.3270000219345093},"rotation":{"x":0.24723578989505769,"y":-0.027649475261569024,"z":0.006895821541547775,"w":0.9686490893363953},"size":7.531362533569336,"orthographic":false}