{"cameraMode":{"drawMode":0,"name":"Shaded","section":"Shading Mode"},"sceneLighting":true,"audioPlay":false,"sceneViewState":{"showFog":true,"showMaterialUpdate":false,"showSkybox":true,"showFlares":true,"showImageEffects":true,"showParticleSystems":true,"showVisualEffectGraphs":true,"m_FxEnabled":true},"in2DMode":false,"pivot":{"x":-5.032959461212158,"y":1.4374992847442628,"z":2.472357749938965},"rotation":{"x":0.19172382354736329,"y":-0.00002718930409173481,"z":-0.00015532800171058625,"w":0.9815555214881897},"size":6.251370429992676,"orthographic":false}