{"cameraMode":{"drawMode":0,"name":"Shaded","section":"Shading Mode"},"sceneLighting":true,"audioPlay":false,"sceneViewState":{"showFog":true,"showMaterialUpdate":false,"showSkybox":true,"showFlares":true,"showImageEffects":true,"showParticleSystems":true,"showVisualEffectGraphs":true,"m_FxEnabled":true},"in2DMode":false,"pivot":{"x":6.060145854949951,"y":107.38053131103516,"z":-2.302138566970825},"rotation":{"x":0.7071060538291931,"y":-0.0010606598807498813,"z":0.0010606598807498813,"w":0.7071060538291931},"size":22.024452209472658,"orthographic":true}