{"cameraMode":{"drawMode":0,"name":"Shaded","section":"Shading Mode"},"sceneLighting":true,"audioPlay":false,"sceneViewState":{"showFog":true,"showMaterialUpdate":false,"showSkybox":true,"showFlares":true,"showImageEffects":true,"showParticleSystems":true,"showVisualEffectGraphs":true,"m_FxEnabled":true},"in2DMode":false,"pivot":{"x":0.8801994323730469,"y":10.331452369689942,"z":-15.058801651000977},"rotation":{"x":0.33339837193489077,"y":-0.009920336306095124,"z":0.0034349614288657905,"w":0.9428131580352783},"size":7.781473636627197,"orthographic":false}