{"cameraMode":{"drawMode":0,"name":"Shaded","section":"Shading Mode"},"sceneLighting":true,"audioPlay":false,"sceneViewState":{"m_AlwaysRefresh":false,"showFog":true,"showSkybox":true,"showFlares":true,"showImageEffects":true,"showParticleSystems":true,"showVisualEffectGraphs":true,"m_FxEnabled":true},"in2DMode":false,"pivot":{"x":-2.890306234359741,"y":3.5733962059020998,"z":-12.1157865524292},"rotation":{"x":0.10474565625190735,"y":-0.03490307927131653,"z":0.003675105981528759,"w":0.9939084649085999},"size":10.552013397216797,"orthographic":true}