{"cameraMode":{"drawMode":0,"name":"Shaded","section":"Shading Mode"},"sceneLighting":true,"audioPlay":false,"sceneViewState":{"showFog":true,"showMaterialUpdate":false,"showSkybox":true,"showFlares":true,"showImageEffects":true,"showParticleSystems":true,"showVisualEffectGraphs":true,"m_FxEnabled":true},"in2DMode":false,"pivot":{"x":39.45259475708008,"y":13.017054557800293,"z":-53.98576354980469},"rotation":{"x":0.08590423315763474,"y":-0.23446054756641389,"z":0.020804552361369134,"w":0.9681395888328552},"size":4.3982110023498539,"orthographic":true}