{"cameraMode":{"drawMode":0,"name":"Shaded","section":"Shading Mode"},"sceneLighting":true,"audioPlay":false,"sceneViewState":{"m_AlwaysRefresh":false,"showFog":true,"showSkybox":true,"showFlares":true,"showImageEffects":true,"showParticleSystems":true,"showVisualEffectGraphs":true,"m_FxEnabled":true},"in2DMode":false,"pivot":{"x":10.370676040649414,"y":42.00922775268555,"z":-145.4250946044922},"rotation":{"x":0.12414927780628205,"y":-0.02292177639901638,"z":0.002870424184948206,"w":0.992027223110199},"size":14.234073638916016,"orthographic":true}