{"cameraMode":{"drawMode":0,"name":"Shaded","section":"Shading Mode"},"sceneLighting":true,"audioPlay":false,"sceneViewState":{"showFog":true,"showMaterialUpdate":false,"showSkybox":true,"showFlares":true,"showImageEffects":true,"showParticleSystems":true,"showVisualEffectGraphs":true,"m_FxEnabled":true},"in2DMode":false,"pivot":{"x":547.3142700195313,"y":221.43453979492188,"z":-15.209972381591797},"rotation":{"x":0.0713052898645401,"y":0.029919100925326349,"z":-0.0021397897507995369,"w":0.9970043301582336},"size":75.00019836425781,"orthographic":true}