{"cameraMode":{"drawMode":0,"name":"Shaded","section":"Shading Mode"},"sceneLighting":true,"audioPlay":false,"sceneViewState":{"showFog":true,"showMaterialUpdate":false,"showSkybox":true,"showFlares":true,"showImageEffects":true,"showParticleSystems":true,"showVisualEffectGraphs":true,"m_FxEnabled":true},"in2DMode":false,"pivot":{"x":-2.893310546875,"y":1.8571628332138062,"z":0.14586372673511506},"rotation":{"x":0.08180531859397888,"y":0.01345145609229803,"z":-0.0011970438063144684,"w":0.9966564178466797},"size":0.982073187828064,"orthographic":false}