{"cameraMode":{"drawMode":0,"name":"Shaded","section":"Shading Mode"},"sceneLighting":true,"audioPlay":false,"sceneViewState":{"showFog":true,"showMaterialUpdate":false,"showSkybox":true,"showFlares":true,"showImageEffects":true,"showParticleSystems":true,"showVisualEffectGraphs":true,"m_FxEnabled":true},"in2DMode":false,"pivot":{"x":-11.382004737854004,"y":0.6306321620941162,"z":-1.1377078294754029},"rotation":{"x":0.08180958032608032,"y":-0.013465621508657933,"z":0.0009464307804591954,"w":0.9966621994972229},"size":3.928945779800415,"orthographic":false}