{"cameraMode":{"drawMode":0,"name":"Shaded","section":"Shading Mode"},"sceneLighting":true,"audioPlay":false,"sceneViewState":{"showFog":true,"showMaterialUpdate":false,"showSkybox":true,"showFlares":true,"showImageEffects":true,"showParticleSystems":true,"showVisualEffectGraphs":true,"m_FxEnabled":true},"in2DMode":false,"pivot":{"x":2.1070754528045656,"y":8.247474670410157,"z":-7.634397506713867},"rotation":{"x":0.24723578989505769,"y":-0.027649475261569024,"z":0.006895821541547775,"w":0.9686490893363953},"size":1.8181581497192383,"orthographic":false}