{"cameraMode":{"drawMode":0,"name":"Shaded","section":"Shading Mode"},"sceneLighting":true,"audioPlay":false,"sceneViewState":{"showFog":true,"showMaterialUpdate":false,"showSkybox":true,"showFlares":true,"showImageEffects":true,"showParticleSystems":true,"showVisualEffectGraphs":true,"m_FxEnabled":true},"in2DMode":false,"pivot":{"x":3.1906678676605226,"y":6.803708553314209,"z":-0.517765998840332},"rotation":{"x":0.31487566232681277,"y":-0.022797606885433198,"z":0.007491620257496834,"w":0.9489029049873352},"size":6.5983195304870609,"orthographic":false}