{"cameraMode":{"drawMode":0,"name":"Shaded","section":"Shading Mode"},"sceneLighting":true,"audioPlay":false,"sceneViewState":{"showFog":true,"showMaterialUpdate":false,"showSkybox":true,"showFlares":true,"showImageEffects":true,"showParticleSystems":true,"showVisualEffectGraphs":true,"m_FxEnabled":true},"in2DMode":false,"pivot":{"x":15.540077209472657,"y":1.429234266281128,"z":2.1843934059143068},"rotation":{"x":0.19254279136657716,"y":-0.07938742637634278,"z":0.015630170702934266,"w":0.9779473543167114},"size":6.492758274078369,"orthographic":true}