{"cameraMode":{"drawMode":0,"name":"Shaded","section":"Shading Mode"},"sceneLighting":true,"audioPlay":false,"sceneViewState":{"showFog":true,"showMaterialUpdate":false,"showSkybox":true,"showFlares":true,"showImageEffects":true,"showParticleSystems":true,"showVisualEffectGraphs":true,"m_FxEnabled":true},"in2DMode":false,"pivot":{"x":-8.11005687713623,"y":17.409250259399415,"z":-9.130325317382813},"rotation":{"x":0.3291059136390686,"y":0.017006516456604005,"z":-0.005900910589843988,"w":0.9441701173782349},"size":11.676173210144043,"orthographic":true}